Category,Kassem,English,French,Source,Truncated
Greetings,kʊ gara?,How are you?,Comment allez-vous ?,IMG_1620,
Greetings,bɛɛ wʋra?,What's up?,Qu'est-ce qu'il y a ?,IMG_1620,
Greetings,"a yɩra danna, sɩ mmʊ?",I'm fine. And you?,Je vais bien. Et vous ?,IMG_1620,
Greetings,gafara naa,Please.,S'il vous plaît.,IMG_1620,
Greetings,a kɩ n le,Thank you.,Merci.,IMG_1620,
Greetings,a kɩ n le zanzan,Thank you very much.,Merci beaucoup.,IMG_1620,
Greetings,tan cɩnɩ n wənu,You're Welcome,Vous êtes les bienvenus,IMG_1620,
Greetings,a kɛ sɩ a ba,Goodbye,Au revoir,IMG_1620,
Greetings,kʊ kɩ fʊn,See you later,A plus tard,IMG_1620,
Greetings,a jaanɩ a cogɩ,I'm sorry.,Je suis désolé.,IMG_1620,
Greetings,da-wʊm,Good Morning,Bonjour.,IMG_1620,
Greetings,midi wʊm,Good Afternoon,Bon après-midi,IMG_1620,
Greetings,n pəni kʊ gara?,Did you sleep well?,Tu as bien dormi ?,IMG_1620,
Greetings,n sɔŋɔ tiinə?,How is your family?,Comment va votre famille ?,IMG_1620,
Greetings,a sɔŋɔ tiinə jɩgɩ yazurə,My family is doing good.,Ma famille va bien.,IMG_1620,
Greetings,o yɩra danna na?,How is he?,Comment va-t-il ?,IMG_1620,
Greetings,o yɩra danna na?,How is she?,Comment va-t-elle ?,IMG_1620,
Greetings,ba yɩra danna na?,How are they?,Comment sont-ils ?,IMG_1620,
Greetings,o danna,He is doing good,Il fait bien,IMG_1620,
Greetings,o danna,She is doing good,Elle se porte bien.,IMG_1620,
Greetings,ba danna,They are doing good,Ils font bien,IMG_1620,
Greetings,dɩ danna,We are doing well,Nous allons bien,IMG_1620,
Greetings,kʊ kɩ fʊn,See you later,A plus tard,IMG_1620,
Descriptions,o yɩ dɩdɔrɔ,He is tall,,IMG_1621,
Descriptions,o yɩ balaŋa,He is short,,IMG_1621,
Descriptions,o yɩ dɩdɔrɔ,She is tall,,IMG_1621,
Descriptions,o yɩ balaŋa,She is short,,IMG_1621,
Descriptions,o dɔɔrma o dwe amʊ,He is taller than me…,,IMG_1621,yes
Descriptions,o dɔɔrma o dwe amʊ,She is taller than me…,,IMG_1621,yes
Descriptions,o yɩ kukulə o dwe amʊ,He is shorter than m…,,IMG_1621,yes
Descriptions,o yɩ kukulə o dwe amʊ,She is shorter than m…,,IMG_1621,yes
Descriptions,ba yɩ dɩdwaarʊ,They are tall,,IMG_1621,
Descriptions,ba yɩ kukulɩ,They are short,,IMG_1621,
Descriptions,o yɩ dɩdɔrɔ yɩ wʊntʊ yɩ kukɩ…,He is tall and she is …,,IMG_1621,yes
Descriptions,o yɩ mɩmɩna,He is skinny,,IMG_1621,
Descriptions,o yɩ kamunu,She is fat,,IMG_1621,
Descriptions,o yɩ mɩmɩna,He is fit,,IMG_1621,
Descriptions,o jɩgɩ yazurə,She is fit,,IMG_1621,
Descriptions,o jɩgɩ yuuywe nazwəənu,She has black hair,,IMG_1621,
Level II,kʊntʊ yɩ a bʊbʊ vəŋə mʊ,This is my forst time…,,IMG_1622,yes
Level II,dɩ we dɩ naɩ sɔŋɔ tiinə mʊ,We are visiting famil…,,IMG_1622,yes
Level II,dɩ yɩ vərə mʊ,We are tourists.,,IMG_1622,
Level II,bɛ jaanɩ abam kʊ ba tɩʊ kʊ,What brings you to t…,,IMG_1622,yes
Level II,bɛ jaanɩ abam kʊ ba?,What brings you her…,,IMG_1622,yes
Level II,diini boro kʊm,Get in the car.,,IMG_1622,
Level II,a ve sɩ a na a nu-nakwɩn m…,I am visiting my Gra…,,IMG_1622,yes
Level II,a ve sɩ a na a nu mʊ,I am visiting my mon…,,IMG_1622,yes
Level II,a ve sɩ a na a ko mʊ,I am visiting my dad…,,IMG_1622,yes
Level II,amʊ kaanɩ zʊʊrɩ daanɩ mʊ,My wife lives there.,,IMG_1622,
Level II,amʊ barʊ zʊʊrɩ daanɩ mʊ,My husband lives th…,,IMG_1622,yes
Level II,amʊ bu wʊm wʊ daanɩ mʊ,My son lives there.,,IMG_1622,
Level II,kʊ yɩ yigəyigə dɩ vəŋə,It is within walking d…,,IMG_1622,yes
Level II,kʊ daɩ yigəyigə dɩ vəŋə,It is not within walkin…,,IMG_1622,yes
Level II,n waɩ n co na?,Can you drive?,,IMG_1622,
Colors,Nezono,Black,,IMG_1623,
Colors,Nasongo,Pink,,IMG_1623,
Colors,Nasongo,Red,,IMG_1623,
Shopping/Money,kʊ yɩ bagra mʊ?,How much does this…,,IMG_1625,yes
Shopping/Money,a yaa lagɩ […],I want […],,IMG_1625,
Shopping/Money,ni kʊ da,Here you go.,,IMG_1625,
Shopping/Money,a waɩ a ni kʊntʊ na?,Could I see that one…,,IMG_1625,yes
Shopping/Money,a pʊrɩ luu bagra yɩ a pɩ luu,What time do you op…,,IMG_1625,yes
Shopping/Money,a jɩgɩ kʊntʊ balaŋa na?,Do you have this in s…,,IMG_1625,yes
Shopping/Money,a jɩgɩ kʊntʊ kamunu na?,Do you have this in l…,,IMG_1625,yes
Shopping/Money,a jɩgɩ kʊntʊ maŋɩnɩ na?,Do you have this in m…,,IMG_1625,yes
Shopping/Money,a jɩgɩ woŋo kʊ yelo na ba cɑ…,Do you have anythin…,,IMG_1625,yes
Shopping/Money,kʊ tiini kʊ camma.,It's too expensive.,,IMG_1625,
Shopping/Money,a wʊ yagɩ […],I'll give you […] for i…,,IMG_1625,yes
Shopping/Money,a maŋɩ sɩ a yagɩ gɔr-dʊnnʊ,I need new clothes,,IMG_1625,
Shopping/Money,a gwaarʊ tɩm da ba maŋɩ nɩ,My clothes do not fi…,,IMG_1625,yes
Shopping/Money,friji dɩm wʊʊ jɩgɩ wu-diu na…,Is there food in the f…,,IMG_1625,yes
Shopping/Money,wu-diu wʊ sɔŋɔ nɩ,There's food at hom…,,IMG_1625,yes
Shopping/Money,a lagɩ sɩ a ləni səbu mʊ,I need to exchange m…,,IMG_1625,yes
School,karadigə mɩmaŋa yiə,It is time for school,,IMG_1627,
School,nmʊ ve karadigə kɔ?,What school do you …,,IMG_1627,yes
School,univɛrsite kɔ wʊnɩ mʊ n tɔg…,What university do y…,,IMG_1627,yes
School,n karɩmɩ bɛ karadigə nɩ?,What are you studyi…,,IMG_1627,yes
School,a tɔgɩ a zəni mʊ karadigə n…,I attend SCHOOL NA…,,IMG_1627,yes
School,a zasɩ jelo mʊ,I study math,,IMG_1627,
School,n kɩ di sɩgra?,What year are you in…,,IMG_1627,yes
School,a jɩgɩ bɩna yana mʊ univɛrsi…,I am in my fourth yea…,,IMG_1627,yes
School,a zasɩ nɔɔna soonim mʊ,I study medicine,,IMG_1627,
School,a zasɩ jelo dɩ fiziki mʊ,I study math and phy…,,IMG_1627,yes
School,abam karanyɩna kam yɩrɩ m…,What is your teache…,,IMG_1627,yes
School,n yɩ karabu mʊ na?,Are you a student?,,IMG_1627,
School,ɛɛn a yɩ karabu mʊ,Yes I am a student,,IMG_1627,
School,nmʊ wʊbʊŋa tɩtʊŋɩ mʊ yɩ d…,What profession wo…,,IMG_1627,yes
School,n jɩgɩ biki sɩ a loori,Do you have a pen I…,,IMG_1627,yes
School,n jɩgɩ twan-cicərə daanɩ sɩ,Do you have a peice…,,IMG_1627,yes
Weather,waarʊ wʊra,It is cold,,IMG_1628,
Weather,waarʊ mʊ wʊ wʊʊnɩ,It is cold inside,,IMG_1628,
Weather,fɩnyʊgʊ mʊ wʊ cicwəŋə nɩ,It is hot outside,,IMG_1628,
Weather,fɩnyʊgʊ mʊ wʊ wʊʊnɩ,It is hot inside,,IMG_1628,
Weather,dʋa mʊ nɩa,It is raining,,IMG_1628,
Weather,dʋa kam zɩgɩ,The rain has stopped…,,IMG_1628,yes
Weather,fɩnyʊgʊ mʊ jɩjɩ nɩ,I am hot,,IMG_1628,
Weather,waarʊ mʊ jɩgɩ nɩ,I am cold,,IMG_1628,
Weather,fɩnyʊgʊ mʊ tiini kʊ jɩgɩ nɩ,I am very hot,,IMG_1628,
Weather,waarʊ mʊ tiini kʊ jɩgɩ nɩ,I am very cold,,IMG_1628,
Weather,mɩmaŋa kam lamma,This is a nice tempe…,,IMG_1628,yes
Weather,kɩ fulu kʊm da,Please turn on the fa…,,IMG_1628,yes
Weather,kɩ wulim da,Please turn on the h…,,IMG_1628,yes
Weather,tɩga kam yiə zɩm lamma,The weather is nice…,,IMG_1628,yes
Weather,"a sɛ, kʊ tiini kʊ lamma","I agree, it is very nic…",,IMG_1628,yes
Emergency/Health,zəni na-nɩ,Help!,,IMG_1631,
Emergency/Health,a lagɩ dɔgɩta tu mʊ,I need a doctor,,IMG_1631,
Emergency/Health,a lagɩ yəli soonu mʊ,I need a dentist,,IMG_1631,
Emergency/Health,a lagɩ pamaŋnʊ mʊ,I need a police office…,,IMG_1631,yes
Emergency/Health,liri yelo je wʊ tigəni na?,Is there a pharmacy…,,IMG_1631,yes
Emergency/Health,a loori a bəŋi dɩ n telefoni k…,Can I use your phon…,,IMG_1631,yes
Emergency/Health,bəŋi dɔgɩta boro kʊm,Call the police/ambu…,,IMG_1631,yes
Emergency/Health,yagɩ nɩ kɩmmm,Leave me alone!,,IMG_1631,
Emergency/Health,a yɩra ba zurma,I am sick,,IMG_1631,
Emergency/Health,o yɩra ba zurma,He is sick,,IMG_1631,
Emergency/Health,o yɩra ba zurma,She is sick,,IMG_1631,
Emergency/Health,ba yɩra ba zurma,They are sick,,IMG_1631,
Emergency/Health,dɩ yɩra ba zurma,We are sick,,IMG_1631,
Emergency/Health,a ba jɩgɩ yazurə,I am not feeling well…,,IMG_1631,yes
Emergency/Health,a kana mʊ waɩ,My stomach hurts,,IMG_1631,
Emergency/Health,a kwaga mʊ waɩ,My back hurts,,IMG_1631,
Emotions,a wʊʊ zurma,I am happy,,IMG_1632,
Emotions,o wʊʊ zurma,He is happy,,IMG_1632,
Emotions,o wʊʊ zurma,She is happy,,IMG_1632,
Emotions,ba wʊrʊ zurma,They are happy,,IMG_1632,
Emotions,a wʊʊ ba zurma,I am not happy,,IMG_1632,
Emotions,o wʊʊ ba zurma,He is not happy,,IMG_1632,
Emotions,o wʊʊ ba zurma,She is not happy,,IMG_1632,
Emotions,ba wʊrʊ ba zurma,They are not happy,,IMG_1632,
Emotions,a wʊʊ cɔgɩ,I am sad,,IMG_1632,
Emotions,o wʊʊ cɔgɩ,She is sad,,IMG_1632,
Emotions,o wʊʊ cɔgɩ,he is sad,,IMG_1632,
Emotions,ba wʊrʊ cɔgɩ,they are sad,,IMG_1632,
Emotions,a soe sɩ a tan kɩa […],I like to […],,IMG_1632,
Emotions,o soe sɩ o tan kɩa […],She likes to […],,IMG_1632,
Emotions,o soe sɩ o tan kɩ […],He likes to […],,IMG_1632,
Emotions,a soe […],I like […],,IMG_1632,
Emotions,a ba soe […],I do not like […],,IMG_1632,
Travel/Transport,a yaa lagɩ twam-bu mʊ vəŋ,I would like a one wa…,,IMG_1633,yes
Travel/Transport,ni a səbu,Here's my passport.,,IMG_1633,
Travel/Transport,boro kʊm yi luu bagra?,What time does the …,,IMG_1633,yes
Travel/Transport,boro kʊm zaŋɩ luu bagra?,What time does the …,,IMG_1633,yes
Travel/Transport,a maŋɩ sɩ a ləni boro mʊ na,Do I have to change …,,IMG_1633,yes
Travel/Transport,a maŋɩ sɩ a loori jəŋə je mʊ,Do I need a seat res…,,IMG_1633,yes
Travel/Transport,nɔɔnʊ mʊ maŋɩ o je yo na?,Is this seat taken?,,IMG_1633,
Travel/Transport,lagos trɛn kadoŋ kam yɩ ma…,When is the next tra…,,IMG_1633,yes
Travel/Transport,n wanɩ n bəŋi tagsi n pa-m…,Could you call me a …,,IMG_1633,yes
Travel/Transport,a wʊ wanɩ a brɩ nɩ a na mar…,Could you let me kn…,,IMG_1633,yes
Travel/Transport,a maa ve lagos mʊ cana ka,I am traveling to Lag…,,IMG_1633,yes
Travel/Transport,a maa ve Etiopi mʊ semenɩ,I am traveling to Eth…,,IMG_1633,yes
Travel/Transport,a lagɩ sɩ a vu na Afrique du…,I want to visit South …,,IMG_1633,yes
Travel/Transport,trɛn kam lagɩ ka yi mɩmaŋa,What time does the …,,IMG_1633,yes
Travel/Transport,alapılı dɩm lagɩ dɩ zaŋɩ mɩm,What time does the …,,IMG_1633,yes
Travel/Transport,trɛn kam lagɩ ka zaŋɩ mɩma,What time does the …,,IMG_1633,yes
Travel/Transport,trɛn kam ba zɩgɩ na?,Is the train direct?,,IMG_1633,
